<Ui xmlns:xsi="http://www.w3.org/2001/XMLSchema-instance" xmlns:xsd="http://www.w3.org/2001/XMLSchema" xmlns="http://www.blizzard.com/wow/ui/">
	<Script file="AllStats.lua"/>
	<Frame name="Container">
		<Frames>
			<Frame name="ContentStat1" inherits="StatFrameTemplate" id="1">
        <size>
          <AbsDimension x="144" y="13"/>
        </size>
				<Anchors>
					<Anchor point="TOPLEFT">
						<Offset>
							<AbsDimension x="6" y="-17"/>
						</Offset>
					</Anchor>
				</Anchors>
				<Layers>
					<Layer level="BACKGROUND">
						<FontString name="AllStatsFrameLabelStats" inherits="GameFontHighlightSmall" text="Base Stats">
							<Anchors>
								<Anchor point="BOTTOM" relativeTo="ContentStat1" relativePoint="TOP">
									<Offset>
										<AbsDimension x="0" y="1"/>
									</Offset>
								</Anchor>
							</Anchors>
						</FontString>
					</Layer>
				</Layers>
			</Frame>
			<Frame name="ContentStat2" inherits="StatFrameTemplate" id="2">
        <size>
          <AbsDimension x="144" y="13"/>
        </size>
				<Anchors>
					<Anchor point="TOPLEFT" relativeTo="ContentStat1" relativePoint="BOTTOMLEFT">
						<Offset>
							<AbsDimension x="0" y="1"/>
						</Offset>
					</Anchor>
				</Anchors>
			</Frame>
			<Frame name="ContentStat3" inherits="StatFrameTemplate" id="3">
        <size>
          <AbsDimension x="144" y="13"/>
        </size>
				<Anchors>
					<Anchor point="TOPLEFT" relativeTo="ContentStat2" relativePoint="BOTTOMLEFT">
						<Offset>
							<AbsDimension x="0" y="1"/>
						</Offset>
					</Anchor>
				</Anchors>
			</Frame>
			<Frame name="ContentStat4" inherits="StatFrameTemplate" id="4">
        <size>
          <AbsDimension x="144" y="13"/>
        </size>
				<Anchors>
					<Anchor point="TOPLEFT" relativeTo="ContentStat3" relativePoint="BOTTOMLEFT">
						<Offset>
							<AbsDimension x="0" y="1"/>
						</Offset>
					</Anchor>
				</Anchors>
			</Frame>
			<Frame name="ContentStat5" inherits="StatFrameTemplate" id="5">
        <size>
          <AbsDimension x="144" y="13"/>
        </size>
				<Anchors>
					<Anchor point="TOPLEFT" relativeTo="ContentStat4" relativePoint="BOTTOMLEFT">
						<Offset>
							<AbsDimension x="0" y="1"/>
						</Offset>
					</Anchor>
				</Anchors>
			</Frame>
			<Frame name="ContentStatMeleeDamage" inherits="StatFrameTemplate">
        <size>
          <AbsDimension x="144" y="13"/>
        </size>
				<Anchors>
					<Anchor point="TOPLEFT" relativeTo="ContentStat5" relativePoint="BOTTOMLEFT">
						<Offset>
							<AbsDimension x="0" y="-15"/>
						</Offset>
					</Anchor>
				</Anchors>
				<Layers>
					<Layer level="BACKGROUND">
						<FontString name="AllStatsFrameLabelMelee" inherits="GameFontHighlightSmall" text="Melee">
							<Anchors>
								<Anchor point="BOTTOM" relativeTo="ContentStatMeleeDamage" relativePoint="TOP">
									<Offset>
										<AbsDimension x="0" y="1"/>
									</Offset>
								</Anchor>
							</Anchors>
						</FontString>
					</Layer>
				</Layers>
			</Frame>
			<Frame name="ContentStatMeleeDPS" inherits="StatFrameTemplate">
        <size>
          <AbsDimension x="144" y="13"/>
        </size>
				<Anchors>
					<Anchor point="TOPLEFT" relativeTo="ContentStatMeleeDamage" relativePoint="BOTTOMLEFT">
						<Offset>
							<AbsDimension x="0" y="1"/>
						</Offset>
					</Anchor>
				</Anchors>
			</Frame>
			<Frame name="ContentStatMeleePower" inherits="StatFrameTemplate">
        <size>
          <AbsDimension x="144" y="13"/>
        </size>
				<Anchors>
					<Anchor point="TOPLEFT" relativeTo="ContentStatMeleeDPS" relativePoint="BOTTOMLEFT">
						<Offset>
							<AbsDimension x="0" y="1"/>
						</Offset>
					</Anchor>
				</Anchors>
			</Frame>
			<Frame name="ContentStatMeleeSpeed" inherits="StatFrameTemplate">
        <size>
          <AbsDimension x="144" y="13"/>
        </size>
				<Anchors>
					<Anchor point="TOPLEFT" relativeTo="ContentStatMeleePower" relativePoint="BOTTOMLEFT">
						<Offset>
							<AbsDimension x="0" y="1"/>
						</Offset>
					</Anchor>
				</Anchors>
			</Frame>
			<Frame name="ContentStatMeleeHit" inherits="StatFrameTemplate">
        <size>
          <AbsDimension x="144" y="13"/>
        </size>
				<Anchors>
					<Anchor point="TOPLEFT" relativeTo="ContentStatMeleeSpeed" relativePoint="BOTTOMLEFT">
						<Offset>
							<AbsDimension x="0" y="1"/>
						</Offset>
					</Anchor>
				</Anchors>
			</Frame>
			<Frame name="ContentStatMeleeCrit" inherits="StatFrameTemplate">
        <size>
          <AbsDimension x="144" y="13"/>
        </size>
				<Anchors>
					<Anchor point="TOPLEFT" relativeTo="ContentStatMeleeHit" relativePoint="BOTTOMLEFT">
						<Offset>
							<AbsDimension x="0" y="1"/>
						</Offset>
					</Anchor>
				</Anchors>
			</Frame>
			<Frame name="ContentStatMeleeExpert" inherits="StatFrameTemplate">
        <size>
          <AbsDimension x="144" y="13"/>
        </size>
				<Anchors>
					<Anchor point="TOPLEFT" relativeTo="ContentStatMeleeCrit" relativePoint="BOTTOMLEFT">
						<Offset>
							<AbsDimension x="0" y="1"/>
						</Offset>
					</Anchor>
				</Anchors>
			</Frame>
			<Frame name="ContentStatRangeDamage" inherits="StatFrameTemplate">
        <size>
          <AbsDimension x="144" y="13"/>
        </size>
				<Anchors>
					<Anchor point="TOPLEFT" relativeTo="ContentStatMeleeExpert" relativePoint="BOTTOMLEFT">
						<Offset>
							<AbsDimension x="0" y="-15"/>
						</Offset>
					</Anchor>
				</Anchors>
				<Layers>
					<Layer level="BACKGROUND">
						<FontString name="AllStatsFrameLabelRange" inherits="GameFontHighlightSmall" text="Ranged">
							<Anchors>
								<Anchor point="BOTTOM" relativeTo="ContentStatRangeDamage" relativePoint="TOP">
									<Offset>
										<AbsDimension x="0" y="1"/>
									</Offset>
								</Anchor>
							</Anchors>
						</FontString>
					</Layer>
				</Layers>
			</Frame>
			<Frame name="ContentStatRangeDPS" inherits="StatFrameTemplate">
        <size>
          <AbsDimension x="144" y="13"/>
        </size>
				<Anchors>
					<Anchor point="TOPLEFT" relativeTo="ContentStatRangeDamage" relativePoint="BOTTOMLEFT">
						<Offset>
							<AbsDimension x="0" y="1"/>
						</Offset>
					</Anchor>
				</Anchors>
			</Frame>
			<Frame name="ContentStatRangePower" inherits="StatFrameTemplate">
        <size>
          <AbsDimension x="144" y="13"/>
        </size>
				<Anchors>
					<Anchor point="TOPLEFT" relativeTo="ContentStatRangeDPS" relativePoint="BOTTOMLEFT">
						<Offset>
							<AbsDimension x="0" y="1"/>
						</Offset>
					</Anchor>
				</Anchors>
			</Frame>
			<Frame name="ContentStatRangeSpeed" inherits="StatFrameTemplate">
        <size>
          <AbsDimension x="144" y="13"/>
        </size>
				<Anchors>
					<Anchor point="TOPLEFT" relativeTo="ContentStatRangePower" relativePoint="BOTTOMLEFT">
						<Offset>
							<AbsDimension x="0" y="1"/>
						</Offset>
					</Anchor>
				</Anchors>
			</Frame>
			<Frame name="ContentStatRangeHit" inherits="StatFrameTemplate">
        <size>
          <AbsDimension x="144" y="13"/>
        </size>
				<Anchors>
					<Anchor point="TOPLEFT" relativeTo="ContentStatRangeSpeed" relativePoint="BOTTOMLEFT">
						<Offset>
							<AbsDimension x="0" y="1"/>
						</Offset>
					</Anchor>
				</Anchors>
			</Frame>
			<Frame name="ContentStatRangeCrit" inherits="StatFrameTemplate">
        <size>
          <AbsDimension x="144" y="13"/>
        </size>
				<Anchors>
					<Anchor point="TOPLEFT" relativeTo="ContentStatRangeHit" relativePoint="BOTTOMLEFT">
						<Offset>
							<AbsDimension x="0" y="1"/>
						</Offset>
					</Anchor>
				</Anchors>
			</Frame>
			<Frame name="ContentStatSpellDamage" inherits="StatFrameTemplate">
        <size>
          <AbsDimension x="144" y="13"/>
        </size>
				<Anchors>
					<Anchor point="TOPLEFT" relativeTo="ContentStatRangeCrit" relativePoint="BOTTOMLEFT">
						<Offset>
							<AbsDimension x="0" y="-15"/>
						</Offset>
					</Anchor>
				</Anchors>
				<Layers>
					<Layer level="BACKGROUND">
						<FontString name="AllStatsFrameLabelSpell" inherits="GameFontHighlightSmall" text="Spell">
							<Anchors>
								<Anchor point="BOTTOM" relativeTo="ContentStatSpellDamage" relativePoint="TOP">
									<Offset>
										<AbsDimension x="0" y="1"/>
									</Offset>
								</Anchor>
							</Anchors>
						</FontString>
					</Layer>
				</Layers>
			</Frame>
			<Frame name="ContentStatSpellHeal" inherits="StatFrameTemplate">
        <size>
          <AbsDimension x="144" y="13"/>
        </size>
				<Anchors>
					<Anchor point="TOPLEFT" relativeTo="ContentStatSpellDamage" relativePoint="BOTTOMLEFT">
						<Offset>
							<AbsDimension x="0" y="1"/>
						</Offset>
					</Anchor>
				</Anchors>
			</Frame>
			<Frame name="ContentStatSpellHit" inherits="StatFrameTemplate">
        <size>
          <AbsDimension x="144" y="13"/>
        </size>
				<Anchors>
					<Anchor point="TOPLEFT" relativeTo="ContentStatSpellHeal" relativePoint="BOTTOMLEFT">
						<Offset>
							<AbsDimension x="0" y="1"/>
						</Offset>
					</Anchor>
				</Anchors>
			</Frame>
			<Frame name="ContentStatSpellCrit" inherits="StatFrameTemplate">
        <size>
          <AbsDimension x="144" y="13"/>
        </size>
				<Anchors>
					<Anchor point="TOPLEFT" relativeTo="ContentStatSpellHit" relativePoint="BOTTOMLEFT">
						<Offset>
							<AbsDimension x="0" y="1"/>
						</Offset>
					</Anchor>
				</Anchors>
			</Frame>
			<Frame name="ContentStatSpellHaste" inherits="StatFrameTemplate">
        <size>
          <AbsDimension x="144" y="13"/>
        </size>
				<Anchors>
					<Anchor point="TOPLEFT" relativeTo="ContentStatSpellCrit" relativePoint="BOTTOMLEFT">
						<Offset>
							<AbsDimension x="0" y="1"/>
						</Offset>
					</Anchor>
				</Anchors>
			</Frame>
			<Frame name="ContentStatSpellRegen" inherits="StatFrameTemplate">
        <size>
          <AbsDimension x="144" y="13"/>
        </size>
				<Anchors>
					<Anchor point="TOPLEFT" relativeTo="ContentStatSpellHaste" relativePoint="BOTTOMLEFT">
						<Offset>
							<AbsDimension x="0" y="1"/>
						</Offset>
					</Anchor>
				</Anchors>
			</Frame>
			<Frame name="ContentStatArmor" inherits="StatFrameTemplate">
        <size>
          <AbsDimension x="144" y="13"/>
        </size>
				<Anchors>
					<Anchor point="TOPLEFT" relativeTo="ContentStatSpellRegen" relativePoint="BOTTOMLEFT">
						<Offset>
							<AbsDimension x="0" y="-15"/>
						</Offset>
					</Anchor>
				</Anchors>
			</Frame>
			<Frame name="ContentStatArmorReduction" inherits="StatFrameTemplate">
        <size>
          <AbsDimension x="144" y="13"/>
        </size>
				<Anchors>
					<Anchor point="TOPLEFT" relativeTo="ContentStatArmor" relativePoint="BOTTOMLEFT">
						<Offset>
							<AbsDimension x="0" y="1"/>
						</Offset>
					</Anchor>
				</Anchors>
				<Layers>
					<Layer level="BACKGROUND">
						<FontString name="AllStatsFrameLabelDefense" inherits="GameFontHighlightSmall" text="Defenses">
							<Anchors>
								<Anchor point="BOTTOM" relativeTo="ContentStatArmor" relativePoint="TOP">
									<Offset>
										<AbsDimension x="0" y="1"/>
									</Offset>
								</Anchor>
							</Anchors>
						</FontString>
					</Layer>
				</Layers>
			</Frame>
			<Frame name="ContentStatDefense" inherits="StatFrameTemplate">
        <size>
          <AbsDimension x="144" y="13"/>
        </size>
				<Anchors>
					<Anchor point="TOPLEFT" relativeTo="ContentStatArmorReduction" relativePoint="BOTTOMLEFT">
						<Offset>
							<AbsDimension x="0" y="1"/>
						</Offset>
					</Anchor>
				</Anchors>
			</Frame>
			<Frame name="ContentStatDodge" inherits="StatFrameTemplate">
        <size>
          <AbsDimension x="144" y="13"/>
        </size>
				<Anchors>
					<Anchor point="TOPLEFT" relativeTo="ContentStatDefense" relativePoint="BOTTOMLEFT">
						<Offset>
							<AbsDimension x="0" y="1"/>
						</Offset>
					</Anchor>
				</Anchors>
			</Frame>
			<Frame name="ContentStatParry" inherits="StatFrameTemplate">
        <size>
          <AbsDimension x="144" y="13"/>
        </size>
				<Anchors>
					<Anchor point="TOPLEFT" relativeTo="ContentStatDodge" relativePoint="BOTTOMLEFT">
						<Offset>
							<AbsDimension x="0" y="1"/>
						</Offset>
					</Anchor>
				</Anchors>
			</Frame>
			<Frame name="ContentStatBlock" inherits="StatFrameTemplate">
        <size>
          <AbsDimension x="144" y="13"/>
        </size>
				<Anchors>
					<Anchor point="TOPLEFT" relativeTo="ContentStatParry" relativePoint="BOTTOMLEFT">
						<Offset>
							<AbsDimension x="0" y="1"/>
						</Offset>
					</Anchor>
				</Anchors>
			</Frame>
			<Frame name="ContentStatBlockValue" inherits="StatFrameTemplate">
        <size>
          <AbsDimension x="144" y="13"/>
        </size>
				<Anchors>
					<Anchor point="TOPLEFT" relativeTo="ContentStatBlock" relativePoint="BOTTOMLEFT">
						<Offset>
							<AbsDimension x="0" y="1"/>
						</Offset>
					</Anchor>
				</Anchors>
			</Frame>
			<Frame name="ContentStatResil" inherits="StatFrameTemplate">
        <size>
          <AbsDimension x="144" y="13"/>
        </size>
				<Anchors>
					<Anchor point="TOPLEFT" relativeTo="ContentStatBlockValue" relativePoint="BOTTOMLEFT">
						<Offset>
							<AbsDimension x="0" y="1"/>
						</Offset>
					</Anchor>
				</Anchors>
			</Frame>
		</Frames>
		<Scripts>
			<OnLoad>
				AllStats_OnLoad();
			</OnLoad>
			<OnShow>
				PrintStats();
			</OnShow>
		</Scripts>
	</Frame>
	<Button name="PDF_Button" parent="PaperDollFrame" inherits="UIPanelButtonTemplate" text="Stats">
		<Size>
			<AbsDimension x="47" y="22"/>
		</Size>
		<Anchors>
			<Anchor point="BOTTOMRIGHT">
				<Offset>
					<AbsDimension x="-44" y="85"/>
				</Offset>
			</Anchor>
		</Anchors>
		<Scripts>
			<OnClick>
				PDF_OnClick();
			</OnClick>
		</Scripts>
	</Button>
</Ui>